name,gender
aaron,Male
adam,Male
adrian,Male
alan,Male
albert,Male
alex,Male
alexander,Male
alfred,Male
ali,Male
andrew,Male
anthony,Male
arjun,Male
arnav,Male
arun,Male
ashish,Male
benjamin,Male
brandon,Male
brian,Male
caleb,Male
cameron,Male
charles,Male
chandan,Male
christopher,Male
daniel,Male
david,Male
dev,Male
devendra,Male
dhruv,Male
diego,Male
dominic,Male
edward,Male
eli,Male
elijah,Male
eric,Male
ethan,Male
evan,Male
frank,Male
gabriel,Male
gary,Male
george,Male
harish,Male
harry,Male
henry,Male
ian,Male
isaac,Male
ishaan,Male
jack,Male
jacob,Male
jake,Male
james,Male
jason,Male
jay,Male
jeffrey,Male
jeremy,Male
john,Male
jonathan,Male
joseph,Male
joshua,Male
julian,Male
karan,Male
karthik,Male
kevin,Male
krishna,Male
kunal,Male
leo,Male
liam,Male
lucas,Male
luke,Male
mark,Male
martin,Male
matthew,Male
max,Male
michael,Male
milan,Male
mohammed,Male
mohit,Male
nathan,Male
nikhil,Male
noah,Male
omar,Male
oscar,Male
pavan,Male
peter,Male
rahul,Male
raj,Male
rajesh,Male
rakesh,Male
ram,Male
ramesh,Male
ravi,Male
robert,Male
rohan,Male
roshan,Male
ryan,Male
sameer,Male
samir,Male
samuel,Male
sanjay,Male
saurabh,Male
scott,Male
sean,Male
sebastian,Male
shane,Male
shivam,Male
siddharth,Male
simon,Male
soham,Male
stephen,Male
suraj,Male
surya,Male
tanmay,Male
tarun,Male
tejas,Male
thomas,Male
timothy,Male
vikas,Male
vikram,Male
vijay,Male
vinay,Male
vishal,Male
vivek,Male
william,Male
yash,Male
zaid,Male
zane,Male
abigail,Female
aditi,Female
adriana,Female
aisha,Female
akanksha,Female
alexandra,Female
alice,Female
alina,Female
alisha,Female
amanda,Female
amber,Female
amelia,Female
amina,Female
amrita,Female
ana,Female
ananya,Female
andrea,Female
angel,Female
angela,Female
anita,Female
anjali,Female
anna,Female
annie,Female
anusha,Female
aparna,Female
ariana,Female
arya,Female
ashley,Female
asha,Female
audrey,Female
avni,Female
ayesha,Female
bella,Female
beatrice,Female
brenda,Female
brianna,Female
camila,Female
carla,Female
caroline,Female
catherine,Female
charlotte,Female
chloe,Female
clara,Female
danielle,Female
deepa,Female
deepika,Female
diya,Female
divya,Female
elena,Female
elizabeth,Female
ella,Female
emily,Female
emma,Female
erica,Female
esha,Female
eva,Female
evelyn,Female
fatima,Female
gabriella,Female
gauri,Female
geeta,Female
grace,Female
hannah,Female
harini,Female
heather,Female
heena,Female
helena,Female
hina,Female
iris,Female
isabella,Female
ishita,Female
jasmine,Female
jaya,Female
jennifer,Female
jessica,Female
joanna,Female
julia,Female
julie,Female
juhi,Female
karishma,Female
kavya,Female
keerthi,Female
kiara,Female
kriti,Female
lakshmi,Female
laura,Female
lauren,Female
leah,Female
leela,Female
leena,Female
lily,Female
linda,Female
lisa,Female
lucy,Female
madhuri,Female
mahi,Female
manisha,Female
maria,Female
marie,Female
maya,Female
megha,Female
meera,Female
meghana,Female
melanie,Female
mia,Female
michelle,Female
minal,Female
monica,Female
myra,Female
nadia,Female
naomi,Female
neha,Female
nikita,Female
nina,Female
nisha,Female
nithya,Female
olivia,Female
palak,Female
pallavi,Female
parul,Female
pooja,Female
pragya,Female
priya,Female
rachel,Female
radha,Female
radhika,Female
rebecca,Female
reena,Female
riya,Female
roopa,Female
rose,Female
ruby,Female
sakshi,Female
salma,Female
samantha,Female
sana,Female
sandhya,Female
sara,Female
sarah,Female
savita,Female
seema,Female
shalini,Female
shanaya,Female
shreya,Female
shruti,Female
simran,Female
sneha,Female
sophia,Female
sophie,Female
srishti,Female
sukanya,Female
tamanna,Female
tania,Female
tanvi,Female
tara,Female
tanya,Female
trisha,Female
uma,Female
urvashi,Female
vaishnavi,Female
vanessa,Female
varsha,Female
vidya,Female
vijaya,Female
wendy,Female
yasmin,Female
yashika,Female
zara,Female
zoya,Female